{
  "command_history": {
    "@Babuva_king": {
      "general_1754213434": 1754213434.371436
    }
  },
  "order_history": {
    "@Babuva_king": {
      "order_1754213220": 1754213220.1882443,
      "order_1754213227": 1754213227.6111608,
      "order_1754213457": 1754213457.7340615
    },
    "@t1start1": {
      "order_1754213452": 1754213452.369131,
      "order_1754214627": 1754214627.3941178
    },
    "@whitehathacker_1998": {
      "order_1754214687": 1754214687.435526,
      "order_1754214720": 1754214720.3831909
    }
  },
  "failed_attempts": {},
  "last_cleanup": 1754213220.188242
}