{
  "command_history": {
    "@Babuva_king": {
      "general_1754213434": 1754213434.371436
    }
  },
  "order_history": {
    "@Babuva_king": {
      "order_1754213220": 1754213220.1882443,
      "order_1754213227": 1754213227.6111608
    }
  },
  "failed_attempts": {},
  "last_cleanup": 1754213220.188242
}