{
  "command_history": {
    "@Babuva_king": {
      "general_1754220731": 1754220731.9510696
    },
    "@t1start1": {
      "general_1754220737": 1754220737.9186606
    },
    "@whitehathacker_1998": {
      "general_1754220719": 1754220719.245481,
      "general_1754220727": 1754220727.3211703
    }
  },
  "order_history": {
    "@Babuva_king": {
      "order_1754220440": 1754220440.3787668,
      "order_1754220644": 1754220644.968582
    },
    "@t1start1": {
      "order_1754220420": 1754220420.5344713,
      "order_1754220660": 1754220660.8918395
    },
    "@whitehathacker_1998": {
      "order_1754214687": 1754214687.435526,
      "order_1754214720": 1754214720.3831909
    }
  },
  "failed_attempts": {},
  "last_cleanup": 1754220420.5345235
}